{
  "start_usdt": 1000,
  "final_usdt": 908.642718,
  "final_sol": 0.65576297,
  "final_value": 998.305189,
  "total_trades": 75,
  "max_drawdown_pct": 0.184,
  "roi_pct_usdt": -0.169
}